ID,song_artist,valence,energy,artist_rtn,song_rtn
1,Hurt_Johnny Cash,0.163,0.392,Johnny Cash,Hurt
2,Stay_Rihanna,0.125,0.31,Rihanna,Stay
3,Kiss from a Rose_Seal,0.223,0.532,Seal,Kiss from a Rose
5,Lonely_Akon,0.595,0.533,Akon,Lonely
6,I Started A Joke_Bee Gees,0.431,0.464,Bee Gees,I Started A Joke
7,Just When I Needed You Most_Randy VanWarmer,0.346,0.313,Randy VanWarmer,Just When I Needed You Most
9,Hurt_Johnny Cash,0.163,0.392,Johnny Cash,Hurt
10,Love Of My Life - Remastered 2011_Queen,0.26,0.183,Queen,Love Of My Life - Remastered 2011
11,I'll Never Love Again - Film Version_Lady Gaga,0.221,0.34,Lady Gaga,I'll Never Love Again - Film Version
12,Wherever You Will Go_The Calling,0.371,0.719,The Calling,Wherever You Will Go
14,Hello_Adele,0.289,0.451,Adele,Hello
15,Yesterday - Remastered 2009_The Beatles,0.315,0.179,The Beatles,Yesterday - Remastered 2009
17,Fix You_Coldplay,0.123,0.418,Coldplay,Fix You
18,Driving Home for Christmas_Chris Rea,0.894,0.661,Chris Rea,Driving Home for Christmas
19,To Build A Home_The Cinematic Orchestra,0.0774,0.128,The Cinematic Orchestra,To Build A Home
20,See You Again (feat. Charlie Puth)_Wiz Khalifa,0.283,0.481,Wiz Khalifa,See You Again (feat. Charlie Puth)
21,If I Die Young_The Band Perry,0.362,0.497,The Band Perry,If I Die Young
22,I'm Sorry_Joyner Lucas,0.337,0.576,Joyner Lucas,I'm Sorry
24,Numb_Linkin Park,0.243,0.863,Linkin Park,Numb
25,Lego House_Ed Sheeran,0.565,0.637,Ed Sheeran,Lego House
26,A Quiet Life_Teho Teardo,0.0587,0.231,Teho Teardo,A Quiet Life
27,See You Again (feat. Charlie Puth)_Wiz Khalifa,0.283,0.481,Wiz Khalifa,See You Again (feat. Charlie Puth)
28,Sad Song (feat. Elena Coats)_We The Kings,0.249,0.526,We The Kings,Sad Song (feat. Elena Coats)
29,Let Me Love You_Mario,0.556,0.578,Mario,Let Me Love You
30,Only Time_Enya,0.213,0.249,Enya,Only Time
31,See You Again (feat. Charlie Puth)_Wiz Khalifa,0.283,0.481,Wiz Khalifa,See You Again (feat. Charlie Puth)
32,Supermarket Flowers_Ed Sheeran,0.257,0.242,Ed Sheeran,Supermarket Flowers
33,It Ain't Me_Selena Gomez,0.539,0.658,Selena Gomez,It Ain't Me
34,Fields Of Gold_Sting,0.32,0.339,Sting,Fields Of Gold
35,With Or Without You - Remastered_U2,0.113,0.429,U2,With Or Without You - Remastered
36,Hood_Perfume Genius,0.272,0.278,Perfume Genius,Hood
37,Stop Crying Your Heart Out_Oasis,0.083,0.566,Oasis,Stop Crying Your Heart Out
38,Please Don't Go_Joel Adams,0.235,0.768,Joel Adams,Please Don't Go
39,Be Alright_Dean Lewis,0.443,0.586,Dean Lewis,Be Alright
40,Thursday_Jess Glynne,0.354,0.554,Jess Glynne,Thursday
42,My Girl_The Temptations,0.694,0.418,The Temptations,My Girl
43,The Other_Lauv,0.384,0.553,Lauv,The Other
44,Supermarket Flowers_Ed Sheeran,0.257,0.242,Ed Sheeran,Supermarket Flowers
45,You_The Pretty Reckless,0.261,0.543,The Pretty Reckless,You
47,SAD!_XXXTENTACION,0.473,0.613,XXXTENTACION,SAD!
48,Mad World (Feat. Michael Andrews)_Gary Jules,0.304,0.0581,Gary Jules,Mad World (Feat. Michael Andrews)
51,Hope There's Someone_Antony and the Johnsons,0.101,0.168,Antony and the Johnsons,Hope There's Someone
52,Trapped In My Mind_Kid Cudi,0.787,0.697,Kid Cudi,Trapped In My Mind
53,Washer_Slint,0.0384,0.0954,Slint,Washer
54,Run_Snow Patrol,0.197,0.64,Snow Patrol,Run
55,Bored_Billie Eilish,0.112,0.318,Billie Eilish,Bored
56,Edit Your Hometown_La Dispute,0.69,0.96,La Dispute,Edit Your Hometown
57,Supermarket Flowers_Ed Sheeran,0.257,0.242,Ed Sheeran,Supermarket Flowers
58,How to Save a Life_The Fray,0.361,0.743,The Fray,How to Save a Life
59,Apologize_OneRepublic,0.502,0.74,OneRepublic,Apologize
60,Redemption Blues_Miracle Of Sound,0.153,0.668,Miracle Of Sound,Redemption Blues
61,Goodbye_2NE1,0.492,0.488,2NE1,Goodbye
62,Coat of Many Colors_Dolly Parton,0.681,0.257,Dolly Parton,Coat of Many Colors
64,Numb_Linkin Park,0.243,0.863,Linkin Park,Numb
65,Star Shopping_Lil Peep,0.323,0.471,Lil Peep,Star Shopping
66,Yes I'm Changing_Tame Impala,0.354,0.609,Tame Impala,Yes I'm Changing
67,Lay It On Me_Vance Joy,0.53,0.663,Vance Joy,Lay It On Me
68,Passing Afternoon_Iron & Wine,0.616,0.311,Iron & Wine,Passing Afternoon
70,Bring Him Home_Les Misérables-Original London Cast,0.0754,0.301,Les Misérables-Original London Cast,Bring Him Home
72,Holocene_Bon Iver,0.147,0.304,Bon Iver,Holocene
74,The Axis_Thee Oh Sees,0.248,0.55,Thee Oh Sees,The Axis
75,See You Again (feat. Charlie Puth)_Wiz Khalifa,0.283,0.481,Wiz Khalifa,See You Again (feat. Charlie Puth)
77,No One_Alicia Keys,0.166,0.548,Alicia Keys,No One
78,Dying in LA_Panic! At The Disco,0.315,0.35,Panic! At The Disco,Dying in LA
79,The Last Night_Skillet,0.542,0.856,Skillet,The Last Night
81,BABY_The Rose,0.516,0.804,The Rose,BABY
82,SAD!_XXXTENTACION,0.473,0.613,XXXTENTACION,SAD!
83,Chasing Cars_Snow Patrol,0.136,0.592,Snow Patrol,Chasing Cars
84,Wicked Game_Chris Isaak,0.29,0.548,Chris Isaak,Wicked Game
85,The Edges_Catherine McGrath,0.445,0.846,Catherine McGrath,The Edges
86,Chanel_Frank Ocean,0.473,0.503,Frank Ocean,Chanel
87,The Scientist_Coldplay,0.212,0.442,Coldplay,The Scientist
88,"My Heart Will Go On - Love Theme from ""Titanic""_Céline Dion",0.0382,0.276,Céline Dion,"My Heart Will Go On - Love Theme from ""Titanic"""
89,Happier_Ed Sheeran,0.236,0.385,Ed Sheeran,Happier
90,The Nights_Avicii,0.654,0.835,Avicii,The Nights
91,Rock 'N' Roll Suicide - 2012 Remaster_David Bowie,0.272,0.308,David Bowie,Rock 'N' Roll Suicide - 2012 Remaster
92,Suddenly I See_KT Tunstall,0.664,0.767,KT Tunstall,Suddenly I See
93,Wake Me up When September Ends_Green Day,0.146,0.814,Green Day,Wake Me up When September Ends
94,To Build A Home_The Cinematic Orchestra,0.0774,0.128,The Cinematic Orchestra,To Build A Home
96,Somewhere over the Rainbow_Judy Garland,0.106,0.224,Judy Garland,Somewhere over the Rainbow
97,Time To Say Goodbye (Con Te Partirò)_Andrea Bocelli,0.445,0.435,Andrea Bocelli,Time To Say Goodbye (Con Te Partirò)
99,The Scientist_Coldplay,0.212,0.442,Coldplay,The Scientist
100,Six Years_Old Gray,0.0874,0.74,Old Gray,Six Years
101,White Ferrari_Frank Ocean,0.219,0.0924,Frank Ocean,White Ferrari
102,Love My Way_The Psychedelic Furs,0.52,0.85,The Psychedelic Furs,Love My Way
103,Monday Nites( I Always Stay Up Late On )_The JBJ Band,0.787,0.951,The JBJ Band,Monday Nites( I Always Stay Up Late On )
104,Beauty and the Beast_Bugzy Malone,0.384,0.734,Bugzy Malone,Beauty and the Beast
105,Starman - 2012 Remaster_David Bowie,0.55,0.45,David Bowie,Starman - 2012 Remaster
107,Where's My Love - Piano Solo_SYML,0.135,0.0511,SYML,Where's My Love - Piano Solo
108,Make You Feel My Love_Adele,0.0896,0.18,Adele,Make You Feel My Love
112,This Woman's Work_Kate Bush,0.169,0.113,Kate Bush,This Woman's Work
113,What Would You Do_Bastille,0.36,0.732,Bastille,What Would You Do
117,If It Means a Lot to You_A Day To Remember,0.44,0.536,A Day To Remember,If It Means a Lot to You
118,Staring Through My Rear View (feat. Dwele)_2Pac,0.78,0.86,2Pac,Staring Through My Rear View (feat. Dwele)
119,Hello_Adele,0.289,0.451,Adele,Hello
120,Otherside (feat. Fences) [Ryan Lewis Remix]_Macklemore & Ryan Lewis,0.23,0.568,Macklemore & Ryan Lewis,Otherside (feat. Fences) [Ryan Lewis Remix]
121,Tintin in Tibet_Mount Eerie,0.173,0.27,Mount Eerie,Tintin in Tibet
122,These Are The Days Of Our Lives - 2011 Remaster_Queen,0.55,0.402,Queen,These Are The Days Of Our Lives - 2011 Remaster
123,Things_Louis Cole,0.263,0.479,Louis Cole,Things
125,If Only_Andrea Bocelli,0.0757,0.207,Andrea Bocelli,If Only
127,Lost Without You_Freya Ridings,0.0976,0.136,Freya Ridings,Lost Without You
128,The Scientist_Coldplay,0.212,0.442,Coldplay,The Scientist
129,I'll Never Love Again - Film Version_Lady Gaga,0.221,0.34,Lady Gaga,I'll Never Love Again - Film Version
129,I'll Never Love Again - Film Version - Radio Edit_Bradley Cooper,0.221,0.34,Bradley Cooper,I'll Never Love Again - Film Version - Radio Edit
130,Fix You_Coldplay,0.123,0.418,Coldplay,Fix You
131,Don't Look Back In Anger - Remastered_Oasis,0.335,0.922,Oasis,Don't Look Back In Anger - Remastered
132,What I've Done_Linkin Park,0.287,0.93,Linkin Park,What I've Done
133,Iris_The Goo Goo Dolls,0.497,0.715,The Goo Goo Dolls,Iris
134,We Don't Have To Take Our Clothes Off_Ella Eyre,0.332,0.231,Ella Eyre,We Don't Have To Take Our Clothes Off
135,Goodbye My Lover_James Blunt,0.273,0.261,James Blunt,Goodbye My Lover
136,Peak - Stripped_Anne-Marie,0.228,0.199,Anne-Marie,Peak - Stripped
137,The Unforgiven_Metallica,0.251,0.597,Metallica,The Unforgiven
138,Goodbye My Lover_James Blunt,0.273,0.261,James Blunt,Goodbye My Lover
139,All of Me_John Legend,0.331,0.264,John Legend,All of Me
140,Broken_Lund,0.145,0.581,Lund,Broken
141,Let It Go_James Bay,0.246,0.311,James Bay,Let It Go
142,Falling Away with You_Muse,0.272,0.683,Muse,Falling Away with You
143,SAD!_XXXTENTACION,0.473,0.613,XXXTENTACION,SAD!
144,Zombie_The Cranberries,0.305,0.635,The Cranberries,Zombie
146,Fallen Angel_Three Days Grace,0.218,0.911,Three Days Grace,Fallen Angel
147,Need You Now_Lady Antebellum,0.231,0.622,Lady Antebellum,Need You Now
148,"My Love, My Life_ABBA",0.226,0.426,ABBA,"My Love, My Life"
149,Until Forever_SS501,0.267,0.702,SS501,Until Forever
150,Mad World (Feat. Michael Andrews)_Gary Jules,0.304,0.0581,Gary Jules,Mad World (Feat. Michael Andrews)
151,Dancing With Tears In My Eyes_Kesha,0.674,0.917,Kesha,Dancing With Tears In My Eyes
152,Life on Mars? - 2015 Remaster_David Bowie,0.216,0.384,David Bowie,Life on Mars? - 2015 Remaster
153,A Bad Dream_Keane,0.279,0.729,Keane,A Bad Dream
154,Me & You Together Song_The 1975,0.38,0.77,The 1975,Me & You Together Song
155,when the party's over_Billie Eilish,0.198,0.111,Billie Eilish,when the party's over
156,Do You Feel It?_Chaos Chaos,0.383,0.66,Chaos Chaos,Do You Feel It?
157,Dancing in the Sky_Dani and Lizzy,0.126,0.31,Dani and Lizzy,Dancing in the Sky
158,How To Disappear Completely_Radiohead,0.205,0.302,Radiohead,How To Disappear Completely
160,You Raise Me Up_Westlife,0.172,0.358,Westlife,You Raise Me Up
161,Nobody's Home_Avril Lavigne,0.177,0.907,Avril Lavigne,Nobody's Home
162,Everybody Hurts_R.E.M.,0.166,0.324,R.E.M.,Everybody Hurts
163,Another Love_Tom Odell,0.131,0.537,Tom Odell,Another Love
164,Low Roar_Low Roar,0.0381,0.15,Low Roar,Low Roar
165,The Worst_Jhené Aiko,0.123,0.414,Jhené Aiko,The Worst
166,Iris_The Goo Goo Dolls,0.497,0.715,The Goo Goo Dolls,Iris
167,All By Myself_Eric Carmen,0.111,0.373,Eric Carmen,All By Myself
168,Photographs (with Rag'n'Bone Man)_Professor Green,0.478,0.76,Professor Green,Photographs (with Rag'n'Bone Man)
169,All Too Well_Taylor Swift,0.337,0.609,Taylor Swift,All Too Well
170,Albinoni: Adagio in G Minor (Excerpt)_Tomaso Albinoni,0.0376,0.0971,Tomaso Albinoni,Albinoni: Adagio in G Minor (Excerpt)
171,Give Me Love_Ed Sheeran,0.11,0.328,Ed Sheeran,Give Me Love
172,The Book Of Love - Single Version_Gavin James,0.224,0.308,Gavin James,The Book Of Love - Single Version
173,Sail Away_David Gray,0.188,0.568,David Gray,Sail Away
174,Apologize_OneRepublic,0.502,0.74,OneRepublic,Apologize
175,What A Wonderful World_Eva Cassidy,0.0941,0.128,Eva Cassidy,What A Wonderful World
176,Dance With My Father - Radio Version_Luther Vandross,0.231,0.341,Luther Vandross,Dance With My Father - Radio Version
177,Everyday Is Like Sunday - 2011 Remaster_Morrissey,0.56,0.869,Morrissey,Everyday Is Like Sunday - 2011 Remaster
178,When I'm Gone_Eminem,0.757,0.746,Eminem,When I'm Gone
179,Run_Snow Patrol,0.197,0.64,Snow Patrol,Run
180,Lost Without You_Freya Ridings,0.0976,0.136,Freya Ridings,Lost Without You
181,Chasing Pavements_Adele,0.325,0.473,Adele,Chasing Pavements
182,"Any Other Name (From ""American Beauty"")_Thomas Newman",0.0378,0.0137,Thomas Newman,"Any Other Name (From ""American Beauty"")"
183,She Will Be Loved - Radio Mix_Maroon 5,0.465,0.663,Maroon 5,She Will Be Loved - Radio Mix
184,Fast Car_Tracy Chapman,0.194,0.292,Tracy Chapman,Fast Car
185,Supermarket Flowers_Ed Sheeran,0.257,0.242,Ed Sheeran,Supermarket Flowers
186,Should I Stay or Should I Go - Remastered_The Clash,0.816,0.833,The Clash,Should I Stay or Should I Go - Remastered
187,Can't Help Falling in Love_Elvis Presley,0.343,0.293,Elvis Presley,Can't Help Falling in Love
188,Breathe Me_Sia,0.19,0.621,Sia,Breathe Me
189,Gypsy_Fleetwood Mac,0.847,0.54,Fleetwood Mac,Gypsy
190,Disorder_Goldfinger,0.686,0.965,Goldfinger,Disorder
191,Headlights_Eminem,0.453,0.782,Eminem,Headlights
192,Angels_Robbie Williams,0.252,0.586,Robbie Williams,Angels
194,Sun in an Empty Room_The Weakerthans,0.521,0.613,The Weakerthans,Sun in an Empty Room
195,Try Sleeping with a Broken Heart_Alicia Keys,0.549,0.82,Alicia Keys,Try Sleeping with a Broken Heart
197,Lost Without You_Freya Ridings,0.0976,0.136,Freya Ridings,Lost Without You
198,Albatross - 2018 Remaster_Fleetwood Mac,0.264,0.0631,Fleetwood Mac,Albatross - 2018 Remaster
201,Somewhere Only We Know_Keane,0.368,0.655,Keane,Somewhere Only We Know
203,A Little Piece of Heaven_Avenged Sevenfold,0.667,0.881,Avenged Sevenfold,A Little Piece of Heaven
205,Misery_The Gaslight Anthem,0.268,0.367,The Gaslight Anthem,Misery
206,Chasing Cars_Snow Patrol,0.136,0.592,Snow Patrol,Chasing Cars
207,Supermarket Flowers_Ed Sheeran,0.257,0.242,Ed Sheeran,Supermarket Flowers
208,Set The Fire To The Third Bar_Snow Patrol,0.385,0.379,Snow Patrol,Set The Fire To The Third Bar
209,How to Save a Life_The Fray,0.361,0.743,The Fray,How to Save a Life
210,You Are Not Alone_Michael Jackson,0.256,0.402,Michael Jackson,You Are Not Alone
211,Cinderella_Steven Curtis Chapman,0.305,0.447,Steven Curtis Chapman,Cinderella
212,Mad World (Feat. Michael Andrews)_Gary Jules,0.304,0.0581,Gary Jules,Mad World (Feat. Michael Andrews)
213,Stop Crying Your Heart Out_Oasis,0.083,0.566,Oasis,Stop Crying Your Heart Out
215,The Long And Winding Road - Remastered 2009_The Beatles,0.392,0.329,The Beatles,The Long And Winding Road - Remastered 2009
217,If I Die Young_Julia Sheer,0.456,0.205,Julia Sheer,If I Die Young
218,When You Love Someone_James TW,0.348,0.453,James TW,When You Love Someone
219,forever rain_RM,0.252,0.591,RM,forever rain
220,By The Grace Of God_Katy Perry,0.217,0.367,Katy Perry,By The Grace Of God
221,When We Were Young_Adele,0.273,0.594,Adele,When We Were Young
222,Blue on Blue_Bobby Vinton,0.555,0.303,Bobby Vinton,Blue on Blue
223,Slide Away - Remastered_Oasis,0.29,0.928,Oasis,Slide Away - Remastered
224,There's A Reason Why (I Never Returned Your Calls)_Blossoms,0.685,0.882,Blossoms,There's A Reason Why (I Never Returned Your Calls)
225,I Forget Where We Were_Ben Howard,0.181,0.462,Ben Howard,I Forget Where We Were
226,Gnossienne No. 1 (Lent)_Erik Satie,0.164,0.00631,Erik Satie,Gnossienne No. 1 (Lent)
227,Songbird - 2004 Remaster_Fleetwood Mac,0.364,0.0851,Fleetwood Mac,Songbird - 2004 Remaster
228,Skinny Love_Birdy,0.169,0.29,Birdy,Skinny Love
229,Live Forever - Remastered_Oasis,0.179,0.794,Oasis,Live Forever - Remastered
231,Street Spirit (Fade Out)_Radiohead,0.129,0.453,Radiohead,Street Spirit (Fade Out)
232,Hallelujah_Jeff Buckley,0.0828,0.136,Jeff Buckley,Hallelujah
233,Fight Song_Rachel Platten,0.33,0.714,Rachel Platten,Fight Song
234,Ain't Nothing Changed_Loyle Carner,0.149,0.663,Loyle Carner,Ain't Nothing Changed
236,The One That Got Away_Katy Perry,0.864,0.792,Katy Perry,The One That Got Away
237,Mad World (Feat. Michael Andrews)_Gary Jules,0.304,0.0581,Gary Jules,Mad World (Feat. Michael Andrews)
238,Jesus Christ_Brand New,0.263,0.733,Brand New,Jesus Christ
239,"When the Night Is Long (From ""Final Space"")_Final Space",0.208,0.0927,Final Space,"When the Night Is Long (From ""Final Space"")"
240,9 Crimes_Damien Rice,0.0995,0.167,Damien Rice,9 Crimes
241,"You'll Be In My Heart - From ""Tarzan""/Soundtrack Version_Phil Collins",0.655,0.744,Phil Collins,"You'll Be In My Heart - From ""Tarzan""/Soundtrack Version"
242,Sleepover_Hayley Kiyoko,0.547,0.81,Hayley Kiyoko,Sleepover
243,Bye Bye_Mariah Carey,0.84,0.585,Mariah Carey,Bye Bye
244,Good Riddance (Time of Your Life)_Green Day,0.648,0.432,Green Day,Good Riddance (Time of Your Life)
246,You Are Not Alone_Michael Jackson,0.256,0.402,Michael Jackson,You Are Not Alone
247,Jonathan David_Belle & Sebastian,0.868,0.774,Belle & Sebastian,Jonathan David
248,Viva La Vida_Coldplay,0.416,0.619,Coldplay,Viva La Vida
249,All By Myself_Céline Dion,0.0773,0.325,Céline Dion,All By Myself
250,To Build A Home_The Cinematic Orchestra,0.0774,0.128,The Cinematic Orchestra,To Build A Home
251,End Of The Road_Boyz II Men,0.529,0.427,Boyz II Men,End Of The Road
252,The Christmas Shoes_Newsong,0.281,0.386,Newsong,The Christmas Shoes
253,Strawberry Swing_Coldplay,0.429,0.663,Coldplay,Strawberry Swing
254,Asleep - 2011 Remaster_The Smiths,0.215,0.255,The Smiths,Asleep - 2011 Remaster
255,Lucid Dreams_Juice WRLD,0.218,0.566,Juice WRLD,Lucid Dreams
256,Hurt_Johnny Cash,0.163,0.392,Johnny Cash,Hurt
257,Wish You Were Here_Pink Floyd,0.375,0.262,Pink Floyd,Wish You Were Here
258,How to Save a Life_The Fray,0.361,0.743,The Fray,How to Save a Life
259,Stop Crying Your Heart Out_Oasis,0.083,0.566,Oasis,Stop Crying Your Heart Out
260,Ashes to Ashes - 2017 Remaster_David Bowie,0.866,0.743,David Bowie,Ashes to Ashes - 2017 Remaster
261,Human_The Killers,0.582,0.8,The Killers,Human
262,I'll Never Love Again - Film Version_Lady Gaga,0.221,0.34,Lady Gaga,I'll Never Love Again - Film Version
265,I'll See You Again_Westlife,0.0674,0.348,Westlife,I'll See You Again
266,Fix You_Coldplay,0.123,0.418,Coldplay,Fix You
268,"John Wayne Gacy, Jr._Sufjan Stevens",0.183,0.179,Sufjan Stevens,"John Wayne Gacy, Jr."
269,Breathe Me_Sia,0.19,0.621,Sia,Breathe Me
270,True Love Waits_Radiohead,0.0379,0.132,Radiohead,True Love Waits
271,Somewhere Only We Know_Lily Allen,0.278,0.286,Lily Allen,Somewhere Only We Know
273,Somewhere Over The Rainbow_What A Wonderful World_Israel Kamakawiwo'ole,0.678,0.168,Israel Kamakawiwo'ole,Somewhere Over The Rainbow_What A Wonderful World
274,"Read All About It, Pt. III_Emeli Sandé",0.337,0.44,Emeli Sandé,"Read All About It, Pt. III"
275,Crosses_José González,0.317,0.372,José González,Crosses
276,Floating in the Forth_Frightened Rabbit,0.178,0.665,Frightened Rabbit,Floating in the Forth
278,Dancing On My Own_Calum Scott,0.236,0.173,Calum Scott,Dancing On My Own
279,Bruises_Lewis Capaldi,0.361,0.308,Lewis Capaldi,Bruises
280,My Immortal_Amy Lee,0.0783,0.282,Amy Lee,My Immortal
281,A Change Of Heart_The 1975,0.528,0.51,The 1975,A Change Of Heart
282,"You'll Be In My Heart - From ""Tarzan""/Soundtrack Version_Phil Collins",0.655,0.744,Phil Collins,"You'll Be In My Heart - From ""Tarzan""/Soundtrack Version"
283,Into Dust_Mazzy Star,0.122,0.132,Mazzy Star,Into Dust
284,Concrete Angel_Martina McBride,0.274,0.392,Martina McBride,Concrete Angel
285,Lost Without You_Freya Ridings,0.0976,0.136,Freya Ridings,Lost Without You
286,Angels_Robbie Williams,0.252,0.586,Robbie Williams,Angels
288,Don't Go Away - Remastered_Oasis,0.178,0.831,Oasis,Don't Go Away - Remastered
290,Don't Look Back In Anger - Remastered_Oasis,0.335,0.922,Oasis,Don't Look Back In Anger - Remastered
291,Seigfried_Frank Ocean,0.37,0.255,Frank Ocean,Seigfried
293,Maybe_Yiruma,0.223,0.226,Yiruma,Maybe
294,Let Her Go_Passenger,0.244,0.545,Passenger,Let Her Go
295,All I Want_Kodaline,0.162,0.412,Kodaline,All I Want
296,Dosed_Red Hot Chili Peppers,0.335,0.8,Red Hot Chili Peppers,Dosed
297,Back To December_Taylor Swift,0.286,0.67,Taylor Swift,Back To December
298,I'll Never Love Again - Film Version_Lady Gaga,0.221,0.34,Lady Gaga,I'll Never Love Again - Film Version
300,Cancer_My Chemical Romance,0.222,0.515,My Chemical Romance,Cancer
301,These Are The Days Of Our Lives - 2011 Remaster_Queen,0.55,0.402,Queen,These Are The Days Of Our Lives - 2011 Remaster
303,The Sound of Silence_Disturbed,0.175,0.28,Disturbed,The Sound of Silence
304,Bad Day_Daniel Powter,0.52,0.785,Daniel Powter,Bad Day
305,No Angel_Birdy,0.13,0.23,Birdy,No Angel
306,Stole_Kelly Rowland,0.477,0.718,Kelly Rowland,Stole
307,Black_Pearl Jam,0.2,0.684,Pearl Jam,Black
308,To Build A Home_The Cinematic Orchestra,0.0774,0.128,The Cinematic Orchestra,To Build A Home
309,I Hadn't Known (I Only Heard)_Herbert,0.685,0.696,Herbert,I Hadn't Known (I Only Heard)
310,Hold Back The River_James Bay,0.506,0.715,James Bay,Hold Back The River
312,Been Thru_Ady Suleiman,0.736,0.388,Ady Suleiman,Been Thru
313,Sad_Maroon 5,0.331,0.259,Maroon 5,Sad
315,Come Away with Me_Norah Jones,0.216,0.146,Norah Jones,Come Away with Me
316,Resentment_Beyoncé,0.48,0.574,Beyoncé,Resentment
317,Time_Pink Floyd,0.356,0.48,Pink Floyd,Time
318,We Won't Move_Arlissa,0.157,0.443,Arlissa,We Won't Move
319,Smile_Nat King Cole,0.263,0.136,Nat King Cole,Smile
321,A Sky Full of Stars_Coldplay,0.153,0.636,Coldplay,A Sky Full of Stars
323,Somewhere I Belong_Linkin Park,0.442,0.951,Linkin Park,Somewhere I Belong
324,Let Her Go_Passenger,0.244,0.545,Passenger,Let Her Go
325,Mad World (Feat. Michael Andrews)_Gary Jules,0.304,0.0581,Gary Jules,Mad World (Feat. Michael Andrews)
326,Do They Know It's Christmas? - 1984 Version_Band Aid,0.349,0.642,Band Aid,Do They Know It's Christmas? - 1984 Version
327,Adam's Song_blink-182,0.382,0.775,blink-182,Adam's Song
328,Tum Hi Ho_Arijit Singh,0.317,0.449,Arijit Singh,Tum Hi Ho
329,Heaven (featuring Do)_DJ Sammy,0.569,0.942,DJ Sammy,Heaven (featuring Do)
330,You_Keaton Henson,0.139,0.151,Keaton Henson,You
331,She's Always a Woman_Billy Joel,0.384,0.324,Billy Joel,She's Always a Woman
332,Fellow Feeling_Porter Robinson,0.114,0.545,Porter Robinson,Fellow Feeling
333,The Funeral_Band of Horses,0.127,0.769,Band of Horses,The Funeral
334,Lost Without You_Freya Ridings,0.0976,0.136,Freya Ridings,Lost Without You
335,When We Were Young_Adele,0.273,0.594,Adele,When We Were Young
337,Somewhere Over The Rainbow_What A Wonderful World_Israel Kamakawiwo'ole,0.678,0.168,Israel Kamakawiwo'ole,Somewhere Over The Rainbow_What A Wonderful World
338,I'll Be Missing You (feat. 112)_Diddy,0.925,0.479,Diddy,I'll Be Missing You (feat. 112)
339,Sloop John B - Remastered_The Beach Boys,0.903,0.745,The Beach Boys,Sloop John B - Remastered
340,Hello_Adele,0.289,0.451,Adele,Hello
341,"Adagio for Strings, Op. 11_Samuel Barber",0.0298,0.0865,Samuel Barber,"Adagio for Strings, Op. 11"
342,The Night We Met_Lord Huron,0.1,0.366,Lord Huron,The Night We Met
343,"My Heart Will Go On - Love Theme from ""Titanic""_Céline Dion",0.0382,0.276,Céline Dion,"My Heart Will Go On - Love Theme from ""Titanic"""
344,Skinny Love_Birdy,0.169,0.29,Birdy,Skinny Love
345,Say Something_A Great Big World,0.0765,0.147,A Great Big World,Say Something
346,Hope_XXXTENTACION,0.225,0.457,XXXTENTACION,Hope
347,Castle on the Hill_Ed Sheeran,0.471,0.834,Ed Sheeran,Castle on the Hill
349,I Fall Apart_Post Malone,0.291,0.538,Post Malone,I Fall Apart
350,Lionheart_Demi Lovato,0.169,0.678,Demi Lovato,Lionheart
351,Supermarket Flowers_Ed Sheeran,0.257,0.242,Ed Sheeran,Supermarket Flowers
352,Crash Land_Twin Atlantic,0.388,0.462,Twin Atlantic,Crash Land
353,Let Me In_Make Them Suffer,0.0998,0.964,Make Them Suffer,Let Me In
354,Angels_Danny Worsnop,0.216,0.227,Danny Worsnop,Angels
355,How to Save a Life_The Fray,0.361,0.743,The Fray,How to Save a Life
356,My Everything_Ariana Grande,0.423,0.265,Ariana Grande,My Everything
357,Wicked Games_The Weeknd,0.326,0.591,The Weeknd,Wicked Games
358,Pink Bullets_The Shins,0.41,0.335,The Shins,Pink Bullets
359,Yellow_Coldplay,0.285,0.661,Coldplay,Yellow
360,Rich & Sad_Post Malone,0.285,0.571,Post Malone,Rich & Sad
361,Arose_Eminem,0.547,0.906,Eminem,Arose
362,Somebody Else_The 1975,0.472,0.788,The 1975,Somebody Else
363,Malibu_Miley Cyrus,0.343,0.781,Miley Cyrus,Malibu
364,Remedy_Adele,0.251,0.305,Adele,Remedy
365,She Will Be Loved - Radio Mix_Maroon 5,0.465,0.663,Maroon 5,She Will Be Loved - Radio Mix
366,Dancing On My Own_Calum Scott,0.236,0.173,Calum Scott,Dancing On My Own
367,Textin' My Ex_T-Pain,0.109,0.546,T-Pain,Textin' My Ex
368,Smother_Daughter,0.112,0.139,Daughter,Smother
369,Hurt_Johnny Cash,0.163,0.392,Johnny Cash,Hurt
370,Stop Crying Your Heart Out_Oasis,0.083,0.566,Oasis,Stop Crying Your Heart Out
372,Married Life_Michael Giacchino,0.112,0.0675,Michael Giacchino,Married Life
374,Jealous_Labrinth,0.0935,0.155,Labrinth,Jealous
376,Wings_Birdy,0.224,0.707,Birdy,Wings
377,Loving Is Easy_Rex Orange County,0.537,0.609,Rex Orange County,Loving Is Easy
378,Special Needs_Placebo,0.0412,0.571,Placebo,Special Needs
379,Small Bump_Ed Sheeran,0.446,0.436,Ed Sheeran,Small Bump
380,Mad World (Feat. Michael Andrews)_Gary Jules,0.304,0.0581,Gary Jules,Mad World (Feat. Michael Andrews)
381,Where's My Love - Piano Solo_SYML,0.135,0.0511,SYML,Where's My Love - Piano Solo
382,So You Wanna Be A Superhero_Carissa's Wierd,0.322,0.527,Carissa's Wierd,So You Wanna Be A Superhero
